language,item,title,num_wikis
<all>,"wd:Q19786","Antiguo Testamento",140
<all>,"wd:Q8275","Ilíada",132
<all>,"wd:Q9184","Génesis",125
<all>,"wd:Q8258","Las mil y una noches",120
<all>,"wd:Q480","Don Quijote de la Mancha",115
<all>,"wd:Q25338","El Principito",109
<all>,"wd:Q37293","Ramayana",108
<all>,"wd:Q9190","Éxodo",108
<all>,"wd:Q8279","Shahnameh",99
<all>,"wd:Q8272","Poema de Gilgamesh",98
<all>,"wd:Q42040","Apocalipsis",98
<all>,"wd:Q41490","Levítico",96
<all>,"wd:Q83186","Romeo y Julieta",94
<all>,"wd:Q41567","Hamlet",93
<all>,"wd:Q92640","Alicia en el país de las maravillas",91
<all>,"wd:Q74287","El hobbit",88
<all>,"wd:Q41675","Libro Guinness de los récords",88
<all>,"wd:Q8269","El relato de Genji",87
<all>,"wd:Q6113985","Upanishad",87
<all>,"wd:Q208460","1984",86
<all>,"wd:Q80038","Libro de Rut",85
<all>,"wd:Q43361","Harry Potter y la piedra filosofal",85
<all>,"wd:Q81240","Libro de los Jueces",84
<all>,"wd:Q48203","Epístola a los Romanos",84
<all>,"wd:Q1396889","Rebelión en la granja",84
<all>,"wd:Q60220","Eneida",84
<all>,"wd:Q80355","Primera Epístola a los Corintios",82
<all>,"wd:Q48244","Mi lucha",81
<all>,"wd:Q47228","Kama sutra",81
<all>,"wd:Q483034","Robinson Crusoe",81
<none>,"wd:Q19786","Antiguo Testamento",140
<none>,"wd:Q81240","Libro de los Jueces",84
<none>,"wd:Q80355","Primera Epístola a los Corintios",82
<none>,"wd:Q123808","Segunda Epístola a los Corintios",79
<none>,"wd:Q131104","Epístola a Filemón",77
<none>,"wd:Q51613","Epístola a los Filipenses",77
<none>,"wd:Q131493","Epístola a Tito",74
<none>,"wd:Q131489","Segunda epístola a Timoteo",73
<none>,"wd:Q170207","apócrifo",60
<none>,"wd:Q236226","Sama-veda",54
<none>,"wd:Q47142","Iáyur-veda",54
<none>,"wd:Q51643","Bienaventuranza",53
<none>,"wd:Q185129","Evangelio de Judas",48
<none>,"wd:Q202344","midrash",45
<none>,"wd:Q262135","Parábola del hijo pródigo",44
<none>,"wd:Q220264","Popol Vuh",40
<none>,"wd:Q604981","Evangelio de María Magdalena",37
<none>,"wd:Q217835","Landnámabók",37
<none>,"wd:Q10786016","Wikipedia:Wikiadicción",37
<none>,"wd:Q898808","Pastor de Hermas",35
<none>,"wd:Q862758","Libro de los Ritos",32
<none>,"wd:Q1123371","Kebra Nagast",28
<none>,"wd:Q815523","Mabinogion",27
<none>,"wd:Q369042","pastoral epistles",26
<none>,"wd:Q223169","3 Macabeos",24
<none>,"wd:Q842370","El rey Gesar",24
<none>,"wd:Q16930210","Historia de Susana",24
<none>,"wd:Q434429","Lie Zi",23
<none>,"wd:Q230255","4 Macabeos",22
<none>,"wd:Q698513","Gesta Hammaburgensis ecclesiae pontificum",22
en,"wd:Q83186","Romeo y Julieta",94
en,"wd:Q41567","Hamlet",93
en,"wd:Q92640","Alicia en el país de las maravillas",91
en,"wd:Q74287","El hobbit",88
en,"wd:Q41675","Libro Guinness de los récords",88
en,"wd:Q208460","1984",86
en,"wd:Q43361","Harry Potter y la piedra filosofal",85
en,"wd:Q1396889","Rebelión en la granja",84
en,"wd:Q483034","Robinson Crusoe",81
en,"wd:Q45735","Charlotte's Web",80
en,"wd:Q47209","Harry Potter y la cámara secreta",80
en,"wd:Q46751","Harry Potter y el cáliz de fuego",78
en,"wd:Q47598","Harry Potter y el prisionero de Azkaban",77
en,"wd:Q46887","Harry Potter y el misterio del príncipe",77
en,"wd:Q46758","Harry Potter y las reliquias de la Muerte",76
en,"wd:Q80817","Harry Potter y la Orden del Fénix",74
en,"wd:Q26833","Otelo",72
en,"wd:Q26505","El viejo y el mar",72
en,"wd:Q130283","Macbeth",72
en,"wd:Q6511","Ulises",72
en,"wd:Q81689","El código Da Vinci",70
en,"wd:Q164974","Oliver Twist",70
en,"wd:Q150827","Frankenstein o el moderno Prometeo",69
en,"wd:Q170583","Orgullo y prejuicio",68
en,"wd:Q41542","Drácula",68
en,"wd:Q181598","El rey Lear",67
en,"wd:Q174596","Moby Dick",67
en,"wd:Q181488","Los viajes de Gulliver",65
en,"wd:Q183883","El Guardián entre el Centeno",64
en,"wd:Q214371","El gran Gatsby",64
fr,"wd:Q25338","El Principito",109
fr,"wd:Q161531","Guerra y paz",78
fr,"wd:Q140527","Los tres mosqueteros",68
fr,"wd:Q180736","Los miserables",67
fr,"wd:Q191838","El conde de Montecristo",60
fr,"wd:Q19871","Esperando a Godot",59
fr,"wd:Q183565","Veinte mil leguas de viaje submarino",59
fr,"wd:Q1219561","La vuelta al mundo en ochenta días",56
fr,"wd:Q193417","Madame Bovary",55
fr,"wd:Q191380","Nuestra Señora de París",52
fr,"wd:Q11834","El Gato con Botas",49
fr,"wd:Q320372","La peste",47
fr,"wd:Q464928","En busca del tiempo perdido",46
fr,"wd:Q215894","Cándido o El optimismo",46
fr,"wd:Q219457","Viaje al centro de la Tierra",45
fr,"wd:Q205875","Tartufo",45
fr,"wd:Q192649","Rojo y negro",43
fr,"wd:Q240617","Papá Goriot",40
fr,"wd:Q471005","La isla misteriosa",40
fr,"wd:Q272506","El fantasma de la ópera",39
fr,"wd:Q384635","Diario de una camarera",38
fr,"wd:Q161138","Barba Azul",38
fr,"wd:Q389933","El avaro",38
fr,"wd:Q822290","Gargantúa y Pantagruel",37
fr,"wd:Q1213902","Los hijos del capitán Grant",36
fr,"wd:Q53592","De la Tierra a la Luna",35
fr,"wd:Q913599","Emilio, o de la educación",34
fr,"wd:Q427827","Fundamento de Esperanto",34
fr,"wd:Q1125903","El mito de Sísifo",34
fr,"wd:Q137869","Germinal",33
cy,"wd:Q19871","Esperando a Godot",59
cy,"wd:Q913599","Emilio, o de la educación",34
cy,"wd:Q784710","Libro de Oración Común",28
cy,"wd:Q670637","A puerta cerrada",23
cy,"wd:Q430891","Y Gododdin",20
cy,"wd:Q1164830","Danny el campeón del mundo",16
cy,"wd:Q1806179","Artemis Fowl: El Cubo B",14
cy,"wd:Q203882","Armes Prydein",9
cy,"wd:Q1427408","Play",8
cy,"wd:Q2216861","Dalton City",8
cy,"wd:Q3312564","Canu Heledd",4
cy,"wd:Q5475016","The Four Ancient Books of Wales",4
cy,"wd:Q13130679","Peniarth 20",4
cy,"wd:Q3042694","Iesu!",3
cy,"wd:Q4979836","Brut y Saeson",3
cy,"wd:Q5273977","Dictionary of Welsh Biography",3
cy,"wd:Q7444465","Secrets",3
cy,"wd:Q7751602","The Mint",3
cy,"wd:Q3614238","Best Friends",2
cy,"wd:Q5118441","Chwalfa",2
cy,"wd:Q5247704","Deaths and Entrances",2
cy,"wd:Q5379260","Enoc Huws",2
cy,"wd:Q7321804","Rhys Lewis",2
cy,"wd:Q7763081","The Secret Room",2
cy,"wd:Q7925497","Vicky Angel",2
cy,"wd:Q8040667","Wythnos Yng Nghymru Fydd",2
cy,"wd:Q7832388","Traed mewn cyffion",2
cy,"wd:Q8013741","William Jones",2
cy,"wd:Q10990614","Martha, Jac a Sianco",2
cy,"wd:Q13132131","Un Nos Ola Leuad",2
de,"wd:Q48244","Mi lucha",81
de,"wd:Q11829","Hansel y Gretel",60
de,"wd:Q36097","El proceso",55
de,"wd:Q29478","Fausto",52
de,"wd:Q273585","Rapunzel",50
de,"wd:Q151883","Las penas del joven Werther",49
de,"wd:Q207332","Sin novedad en el frente",48
de,"wd:Q112015","Los músicos de Bremen",45
de,"wd:Q217073","El lobo estepario",42
de,"wd:Q212898","La montaña mágica",40
de,"wd:Q326909","Los Buddenbrook",39
de,"wd:Q212495","La ópera de los tres centavos",37
de,"wd:Q163027","Cuentos de la infancia y del hogar",37
de,"wd:Q726382","La interpretación de los sueños",36
de,"wd:Q682733","El castillo",34
de,"wd:Q427827","Fundamento de Esperanto",34
de,"wd:Q459303","El perfume",34
de,"wd:Q828296","La muerte en Venecia",34
de,"wd:Q864983","Primero vinieron ...",34
de,"wd:Q899334","El tambor de hojalata",33
de,"wd:Q62407","Madre Coraje y sus hijos",32
de,"wd:Q11850","El príncipe rana",32
de,"wd:Q463108","La historia interminable",31
de,"wd:Q860577","Demian",31
de,"wd:Q579794","Más allá del bien y del mal",31
de,"wd:Q27912","Struwwelpeter (Pedro Melenas)",29
de,"wd:Q11848","El lobo y las siete cabritillas",29
de,"wd:Q48229","América",29
de,"wd:Q854921","La decadencia de Occidente",29
de,"wd:Q861527","Ecce homo. Cómo se llega a ser lo que se es",28
es,"wd:Q480","Don Quijote de la Mancha",115
es,"wd:Q178869","Cien años de soledad",74
es,"wd:Q138174","La vida es sueño",51
es,"wd:Q499396","El amor en los tiempos del cólera",44
es,"wd:Q770895","La vida de Lazarillo de Tormes",36
es,"wd:Q1132408","El coronel no tiene quien le escriba",35
es,"wd:Q808428","Evangelio de Bernabé",34
es,"wd:Q52910","La sombra del viento",28
es,"wd:Q935935","Crónica de una muerte anunciada",28
es,"wd:Q17439649","Fundación SCP",25
es,"wd:Q822850","La casa de Bernarda Alba",24
es,"wd:Q886624","Bodas de Sangre",22
es,"wd:Q2348040","La Galatea",22
es,"wd:Q1168267","Ali la mejor",20
es,"wd:Q473","La Biblioteca de Babel",20
es,"wd:Q1193847","El general en su laberinto",19
es,"wd:Q1170423","El juego del ángel",19
es,"wd:Q1755351","Rayuela",18
es,"wd:Q968914","La rebelión de las masas",17
es,"wd:Q267650","Del amor y otros demonios",17
es,"wd:Q944112","Yerma",16
es,"wd:Q1125255","Hernani",15
es,"wd:Q2283127","Libro de buen amor",15
es,"wd:Q2081254","La catedral del mar",14
es,"wd:Q686158","El alcalde de Zalamea",13
es,"wd:Q2298650","Libro de los juegos",13
es,"wd:Q2714218","El burlador de Sevilla y convidado de piedra",12
es,"wd:Q2916224","Platero y yo",12
es,"wd:Q2608537","Fuenteovejuna",12
es,"wd:Q2604439","Niebla",12
it,"wd:Q131719","El Príncipe",72
it,"wd:Q8065468","Las aventuras de Pinocho",67
it,"wd:Q16438","Decamerón",64
it,"wd:Q172850","El nombre de la rosa",53
it,"wd:Q48922","Orlando furioso",35
it,"wd:Q808428","Evangelio de Bernabé",34
it,"wd:Q1053313","Jerusalén liberada",32
it,"wd:Q1645493","Las vidas de los más excelentes arquitectos, pintores y escultores italianos",31
it,"wd:Q18084","Vita Nuova",27
it,"wd:Q641651","Seis personajes en busca de autor",26
it,"wd:Q17439649","Fundación SCP",25
it,"wd:Q914235","Sueño de Polífilo",24
it,"wd:Q11336","Corazón: Diario de un niño",23
it,"wd:Q924424","Discursos sobre la primera década de Tito Livio",21
it,"wd:Q836036","Si esto es un hombre",20
it,"wd:Q1768303","Diálogos sobre los dos máximos sistemas del mundo",19
it,"wd:Q686091","Cántico de las criaturas",18
it,"wd:Q1191646","Los cuatro libros de la arquitectura",18
it,"wd:Q1245589","La mandrágora",16
it,"wd:Q605018","Purgatorio",15
it,"wd:Q50857","Gomorra",14
it,"wd:Q19622413","Número cero",14
it,"wd:Q1232053","La locandiera",13
it,"wd:Q667340","Enrique IV",13
it,"wd:Q769831","Servant of Two Masters",13
it,"wd:Q2704227","Muerte accidental de un anarquista",13
it,"wd:Q101421016","La vita comincia ogni mattina",13
it,"wd:Q960929","Seda",12
it,"wd:Q666014","Convivio",12
it,"wd:Q1418639","Las florecillas de san Francisco",12
ru,"wd:Q161531","Guerra y paz",78
ru,"wd:Q147787","Ana Karenina",76
ru,"wd:Q165318","Crimen y castigo",75
ru,"wd:Q183157","Los hermanos Karamazov",66
ru,"wd:Q188538","El maestro y Margarita",56
ru,"wd:Q50948","Eugenio Oneguin",54
ru,"wd:Q210784","El idiota",48
ru,"wd:Q206870","Doctor Zhivago",45
ru,"wd:Q329989","Los endemoniados",40
ru,"wd:Q647379","Almas muertas",40
ru,"wd:Q223688","El jugador",39
ru,"wd:Q75840","El Don apacible",38
ru,"wd:Q471066","El inspector general",38
ru,"wd:Q695116","Memorias del subsuelo",38
ru,"wd:Q478381","El jardín de los cerezos",38
ru,"wd:Q477823","Las tres hermanas",37
ru,"wd:Q117293","Pobres gentes",36
ru,"wd:Q29424","Padres e hijos",35
ru,"wd:Q650063","La gaviota",35
ru,"wd:Q83799","Nosotros",35
ru,"wd:Q427827","Fundamento de Esperanto",34
ru,"wd:Q1250822","Tarás Bulba",33
ru,"wd:Q402673","El capote",33
ru,"wd:Q753298","Tío Vania",33
ru,"wd:Q81413","Unua Libro",32
ru,"wd:Q27321","Un día en la vida de Iván Denísovich",32
ru,"wd:Q1161171","Recuerdos de la casa de los muertos",32
ru,"wd:Q1345004","Corazón de perro",31
ru,"wd:Q146866","Resurrección",31
ru,"wd:Q600461","Noches blancas",30
pl,"wd:Q261281","Solaris",42
pl,"wd:Q335315","Quo Vadis?",39
pl,"wd:Q427827","Fundamento de Esperanto",34
pl,"wd:Q890692","Bogurodzica",28
pl,"wd:Q1339346","Pan Tadeusz",27
pl,"wd:Q17439649","Fundación SCP",25
pl,"wd:Q927292","A sangre y fuego",24
pl,"wd:Q1197675","El Invencible",20
pl,"wd:Q2652386","La sangre de los elfos",18
pl,"wd:Q1214098","The Knights of the Cross",16
pl,"wd:Q2045474","Tiempo de odio",15
pl,"wd:Q4240572","Bautismo de fuego",15
pl,"wd:Q2635106","El diluvio",15
pl,"wd:Q2616814","Geographical Dictionary of the Kingdom of Poland",14
pl,"wd:Q2981270","In Desert and Wilderness",13
pl,"wd:Q4080260","La torre de la golondrina",13
pl,"wd:Q15260619","Estación de tormentas",12
pl,"wd:Q2379553","Pharaoh",11
pl,"wd:Q2896338","The Peasants",11
pl,"wd:Q3057258","Ferdydurke",11
pl,"wd:Q2389340","El señor Wolodyjowski",10
pl,"wd:Q937248","Relatos del piloto Pirx y Más relatos del piloto Pirx",9
pl,"wd:Q3656167","The Promised Land",9
pl,"wd:Q7476662","La muñeca",9
pl,"wd:Q9171173","Flights",9
pl,"wd:Q650318","Grażyna",7
pl,"wd:Q546271","Vacío perfecto",7
pl,"wd:Q3012929","Laments",7
pl,"wd:Q9355482","Tango",7
pl,"wd:Q11827997","Drive Your Plow Over the Bones of the Dead",7
ar,"wd:Q8258","Las mil y una noches",120
ar,"wd:Q1023470","Sahih al-Bujari",52
ar,"wd:Q107790","Libro verde",41
ar,"wd:Q886659","Sahih Muslim",40
ar,"wd:Q687339","Kitáb-i-Aqdas",32
ar,"wd:Q1259616","Muqaddima",31
ar,"wd:Q947278","Sunan Abu Dawood",31
ar,"wd:Q1050556","Al Muwatta",29
ar,"wd:Q2175237","Al-Sunan al-Sughra",28
ar,"wd:Q2998769","Jami` at-Tirmidhi",28
ar,"wd:Q2119296","La cumbre de la elocuencia",24
ar,"wd:Q12064127","Calila y Dimna",24
ar,"wd:Q737625","Dīwān ul-Lughat al-Turk",19
ar,"wd:Q1199496","The Perfumed Garden",19
ar,"wd:Q1806888","The Gardens of the Righteous",19
ar,"wd:Q3296813","El filósofo autodidacta",19
ar,"wd:Q1519440","Las Palabras Ocultas",17
ar,"wd:Q2476995","Kitab al-Aghani",17
ar,"wd:Q2632318","Kitab al-Kafi",17
ar,"wd:Q129048","History of the Prophets and Kings",16
ar,"wd:Q1087557","Musnad Ahmad ibn Hanbal",16
ar,"wd:Q1758719","The Four Books",16
ar,"wd:Q2736005","La incoherencia de los filósofos",16
ar,"wd:Q4165276","El resurgimiento de las ciencias religiosas",14
ar,"wd:Q1247744","The Meadows of Gold",13
ar,"wd:Q4452816","Tahdhib al-Ahkam",13
ar,"wd:Q4164550","Tafsir al-Tabari",13
ar,"wd:Q4116033","Al-Sahifa Al-Sajjadiyya",13
ar,"wd:Q4115861","Sahih Ibn Hibbaan",13
ar,"wd:Q5399452","Book of Giants",12
ta,"wd:Q2497735","Skanda-purana",17
ta,"wd:Q582011","Kurmá-purana",15
ta,"wd:Q2167085","Tirukkural",14
ta,"wd:Q2600176","Divya prabandha",12
ta,"wd:Q3115588","Silappatikaram",12
ta,"wd:Q1064934","El diablo de los números",10
ta,"wd:Q386021","Ramavataram",9
ta,"wd:Q2671541","Tevaram",8
ta,"wd:Q1480970","Manimekalai",7
ta,"wd:Q1136787","Shiva Sutras",7
ta,"wd:Q3521726","Wings of Fire",7
ta,"wd:Q3534634","Tirumurai",7
ta,"wd:Q3534907","Kuṇṭalakēci",6
ta,"wd:Q3062913","Ettuttogai",6
ta,"wd:Q24394","Ainkurunuru",5
ta,"wd:Q1539218","Compendio del Catecismo de la Iglesia católica",5
ta,"wd:Q3522676","Tirumandhiram",5
ta,"wd:Q3534571","Nālaṭiyār",5
ta,"wd:Q3720594","Teacher Man",4
ta,"wd:Q3534448","Purananuru",4
ta,"wd:Q3260667","Thiruppavai",4
ta,"wd:Q5124246","Civaka Cintamani",4
ta,"wd:Q7145071","Patiṟṟuppattu",4
ta,"wd:Q7785434","Thiruppugazh",4
ta,"wd:Q12973801","Alamat Langkapuri",4
ta,"wd:Q12977256","Kuṟuntokai",4
ta,"wd:Q15708079","Kalittokai",4
ta,"wd:Q18786756","Venmurasu",4
ta,"wd:Q85809099","Thiruvilaiyadal Puranam",4
ta,"wd:Q3534426","Abithana Chintamani",3
ja,"wd:Q8269","El relato de Genji",87
ja,"wd:Q923593","Kaguya",33
ja,"wd:Q208971","1Q84",32
ja,"wd:Q615137","Makura no Sōshi",29
ja,"wd:Q572180","El libro de los cinco anillos",28
ja,"wd:Q699643","Candy Candy",27
ja,"wd:Q3960523","Silencio",25
ja,"wd:Q17439649","Fundación SCP",25
ja,"wd:Q10860215","Los años de peregrinación del chico sin color",24
ja,"wd:Q594439","El fin del mundo y un despiadado país de las maravillas",23
ja,"wd:Q1047167","Kokin Wakashū",23
ja,"wd:Q3761739","Battle Royale",22
ja,"wd:Q1507085","Konjaku Monogatarishū",20
ja,"wd:Q1339165","Hyouka",19
ja,"wd:Q1076912","Rashōmon",19
ja,"wd:Q2362776","Dance Dance Dance",19
ja,"wd:Q35690","Soy un gato",16
ja,"wd:Q1376060","País de nieve",16
ja,"wd:Q1193200","Shiki",16
ja,"wd:Q6455599","La mujer de la arena",16
ja,"wd:Q1368208","Gukanshō",15
ja,"wd:Q2623003","Kokoro",15
ja,"wd:Q1147583","Indigno de ser humano",14
ja,"wd:Q636364","Hōjōki",14
ja,"wd:Q403312","Ai no Kusabi",13
ja,"wd:Q1350535","Tsurezuregusa",13
ja,"wd:Q1637816","Shōbōgenzō",13
ja,"wd:Q557852","Nansō Satomi Hakkenden",13
ja,"wd:Q1190533","Botchan",13
ja,"wd:Q1287971","Oku no Hosomichi",12
pt,"wd:Q179021","El alquimista",67
pt,"wd:Q826428","Ensayo sobre la ceguera",30
pt,"wd:Q17439649","Fundación SCP",25
pt,"wd:Q60672","Legado",22
pt,"wd:Q16267535","Adulterio",12
pt,"wd:Q1236531","Don Casmurro",11
pt,"wd:Q2510238","Memorial del convento",11
pt,"wd:Q2632627","Libro del desasosiego",11
pt,"wd:Q2499771","Valquirias",10
pt,"wd:Q1464493","Memorias póstumas de Blas Cubas",9
pt,"wd:Q8052257","El manuscrito encontrado en Accra",9
pt,"wd:Q3057582","Los Maia",8
pt,"wd:Q2662079","A Escrava Isaura",8
pt,"wd:Q3285890","Libro de San Cipriano",7
pt,"wd:Q7750200","El varón domado",7
pt,"wd:Q22078853","Xi Jinping: La gobernación y administración de China",7
pt,"wd:Q29831398","El odio que das",7
pt,"wd:Q240087","Quincas Borba",6
pt,"wd:Q910703","Mulieris Dignitatem",6
pt,"wd:Q428842","Mensagem",6
pt,"wd:Q1472368","Iracema",6
pt,"wd:Q1339270","Macunaíma",6
pt,"wd:Q3822191","La muerte y la Muerte de Quincas Berro Dágua",6
pt,"wd:Q3282044","El crimen del padre Amaro",6
pt,"wd:Q7740489","La hora de la estrella",6
pt,"wd:Q20202397","Flores Mirandesas",6
pt,"wd:Q31137","O alienista",5
pt,"wd:Q1252588","Los sertones",5
pt,"wd:Q137332","Los muertos de la noche",5
pt,"wd:Q949947","El primo Basilio",5
la,"wd:Q60220","Eneida",84
la,"wd:Q184742","Las metamorfosis",60
la,"wd:Q208556","Malleus maleficarum",42
la,"wd:Q210080","Stabat mater",40
la,"wd:Q212318","La ciudad de Dios",40
la,"wd:Q309061","Liber Pontificalis",38
la,"wd:Q1155892","Ab Urbe condita libri",38
la,"wd:Q75561","Catecismo de la Iglesia católica",36
la,"wd:Q722678","Historia Augusta",36
la,"wd:Q674439","Geórgicas",36
la,"wd:Q286567","Terminologia Anatomica",35
la,"wd:Q372941","Confesiones",35
la,"wd:Q428114","Germania",32
la,"wd:Q661541","Historia ecclesiastica gentis Anglorum",32
la,"wd:Q861986","Sobre la naturaleza de las cosas",32
la,"wd:Q670350","Imitación de Cristo",31
la,"wd:Q246732","El Satiricón",29
la,"wd:Q740004","Historia Brittonum",29
la,"wd:Q1090343","Profecía de los papas",29
la,"wd:Q544948","De bello civili",27
la,"wd:Q861927","Consolación de la filosofía",27
la,"wd:Q605790","Meditaciones metafísicas",26
la,"wd:Q734095","Res Gestae Divi Augusti",26
la,"wd:Q546203","Bucólicas",26
la,"wd:Q538574","Vita Karoli Magni",26
la,"wd:Q1044767","El asno de oro",25
la,"wd:Q862816","Ética",25
la,"wd:Q254633","Codex Cumanicus",24
la,"wd:Q914235","Sueño de Polífilo",24
la,"wd:Q1232238","De architectura",24
sv,"wd:Q726254","El maravilloso viaje de Nils Holgersson",36
sv,"wd:Q678288","Los hombres que no amaban a las mujeres",32
sv,"wd:Q1137369","La chica que soñaba con una cerilla y un bidón de gasolina",24
sv,"wd:Q658557","La señorita Julia",20
sv,"wd:Q1164291","La reina en el palacio de las corrientes de aire",20
sv,"wd:Q3793400","El abuelo que saltó por la ventana y se largó",19
sv,"wd:Q1722517","Kallocaína",17
sv,"wd:Q2446285","Pippi Calzaslargas",17
sv,"wd:Q1559656","La leyenda de Gösta Berling",15
sv,"wd:Q2914611","Moominland Midwinter",15
sv,"wd:Q19803136","Lo que no te mata te hace más fuerte",15
sv,"wd:Q1197789","El padre",14
sv,"wd:Q225976","Aniara",11
sv,"wd:Q1305285","El Sueño",10
sv,"wd:Q1195427","El hombre que se esfumó",10
sv,"wd:Q847973","Ferraiolo",10
sv,"wd:Q15057957","La analfabeta que era un genio de los números",10
sv,"wd:Q1478754","Las Historias del Alférez Ståhl",9
sv,"wd:Q491835","Popular Music from Vittula",9
sv,"wd:Q1476241","The Pyramid",8
sv,"wd:Q1213009","The Ghost Sonata",8
sv,"wd:Q4405236","Pomperipossa in Monismania",8
sv,"wd:Q1990880","Karlsson-on-the-Roof",7
sv,"wd:Q1639545","The Dance of Death",7
sv,"wd:Q1607978","La habitación cerrada",7
sv,"wd:Q2917639","The Book about Moomin, Mymble and Little My",7
sv,"wd:Q3006078","Creditors",7
sv,"wd:Q178563","The Red Room",6
sv,"wd:Q393142","Pippi Goes on Board",6
sv,"wd:Q1249393","Doctor Glas",6
he,"wd:Q80038","Libro de Rut",85
he,"wd:Q131180","Primera epístola a Timoteo",75
he,"wd:Q4577","Libro de Job",73
he,"wd:Q155980","Libro de la Sabiduría de Jesús ben Sira",61
he,"wd:Q131737","Libro de Tobit",54
he,"wd:Q161985","Libro 1 de los Macabeos",51
he,"wd:Q12411055","Sapiens. De animales a dioses: Una breve historia de la humanidad",33
he,"wd:Q822206","Shulján Aruj",30
he,"wd:Q149441","Pentateuco samaritano",28
he,"wd:Q21111997","Homo Deus: Breve historia del mañana",26
he,"wd:Q1147199","Séfer Ietzirá",24
he,"wd:Q201029","Mishné Torá",22
he,"wd:Q1341410","Tosefta",20
he,"wd:Q56605000","21 lecciones para el siglo XXI",19
he,"wd:Q1815036","Séfer Raziel HaMalaj",14
he,"wd:Q537171","Documento de Damasco",13
he,"wd:Q2572924","Tania",13
he,"wd:Q2703131","Mishna Berura",12
he,"wd:Q2642339","Alphabet of Sirach",9
he,"wd:Q791312","Avot de Rabí Natán",8
he,"wd:Q2777400","Emunoth ve-Deoth",8
he,"wd:Q1852626","Seder Olam Rabbah",8
he,"wd:Q3490992","Comentario de Habacuc",8
he,"wd:Q2703716","Megillat Taanit",8
he,"wd:Q2890118","Sefer Ha-Chinuch",7
he,"wd:Q970053","Sefer haYashar",6
he,"wd:Q2891532","Mesilat Yesharim",6
he,"wd:Q2901888","Sifre",6
he,"wd:Q1616424","Someone to Run With",6
he,"wd:Q2917980","Midrash Rabba",6
sl,"wd:Q8082817","Pasión de Škofja Loka",6
sl,"wd:Q3874134","Necrópolis",4
sl,"wd:Q3491756","The Tenth Brother",3
sl,"wd:Q4663232","Abadon",3
sl,"wd:Q5158025","Con brio",3
sl,"wd:Q5614123","Guarding Hanna",3
sl,"wd:Q6817677","Menuet za kitaro",3
sl,"wd:Q14755007","Čefurji raus!",3
sl,"wd:Q2406802","Under the Free Sun",2
sl,"wd:Q2217588","Samorastniki",2
sl,"wd:Q3869763","Na klancu",2
sl,"wd:Q4881810","Bela dama Devinska",2
sl,"wd:Q5119917","Ciklamen",2
sl,"wd:Q5448457","Filio ni doma",2
sl,"wd:Q5450967","Finta v levo",2
sl,"wd:Q5266924","Devet fantov in eno dekle",2
sl,"wd:Q4812605","Ata je spet pijan",2
sl,"wd:Q5572390","Gluhota",2
sl,"wd:Q5285852","Dnevnik Hiacinte Novak",2
sl,"wd:Q5434393","Fantje iz gline",2
sl,"wd:Q5511157","Fužinski bluz",2
sl,"wd:Q5562774","Gimnazijec",2
sl,"wd:Q5587428","Gospodin Franjo",2
sl,"wd:Q5607483","Grenki med",2
sl,"wd:Q5607486","Grenko spoznanje",2
sl,"wd:Q5873074","Hiša groze",2
sl,"wd:Q5873080","Hiša na meji",2
sl,"wd:Q6102119","Izpred kongresa",2
sl,"wd:Q6660878","Ljubezen.si",2
sl,"wd:Q6660880","Ljubezni tri in ena smrt",2
eo,"wd:Q427827","Fundamento de Esperanto",34
eo,"wd:Q2712137","Gerda malaperis!",8
eo,"wd:Q2976327","Dua Libro",8
eo,"wd:Q1355242","The Life of Zamenhof",6
eo,"wd:Q3193776","Kastelo de Prelongo",4
eo,"wd:Q2263624","Los seis compañeros que lo consiguen todo",3
eo,"wd:Q3889600","Children of Orpheus",3
eo,"wd:Q5438021","Fattypuffs and Thinifers",3
eo,"wd:Q6929263","Mr. Tot Aĉetas Mil Okulojn",3
eo,"wd:Q6824455","Metropoliteno",2
eo,"wd:Q7406070","Saltego trans Jarmiloj",2
eo,"wd:Q7853623","Tur-Strato 4",2
eo,"wd:Q10303155","Internacia lingvo. Antaŭparolo kaj plena lernolibro por Rusoj",2
eo,"wd:Q12349326","Internacia Krestomatio",2
eo,"wd:Q11896034","Taistelu Heikkilän talosta",2
eo,"wd:Q12351221","La fenomeno Esperanto",2
eo,"wd:Q12355454","Sur Sanga Tero",2
eo,"wd:Q12353223","Niculăiță Minciună",2
eo,"wd:Q12353708","Paŭlo Debenham",2
eo,"wd:Q12356471","Victims",2
eo,"wd:Q12356467","Vikipedio – praktika manlibro",2
eo,"wd:Q12359628","Two diseases in Esperanto",2
eo,"wd:Q14823239","Linguistic Aspects of Esperanto",2
eo,"wd:Q19724517","Ĉirkaŭ la mondon kun la verda stelo",2
eo,"wd:Q21211501","100-jariĝo de Esperanto",2
eo,"wd:Q3015189","Dankon, amiko!",1
eo,"wd:Q5821889","El Esperanto: Fenómeno de la Comunicación",1
eo,"wd:Q6553207","La vivo de la plantoj",1
eo,"wd:Q7463534","Okupatsioon",1
eo,"wd:Q7464119","Esperanto. Volledige Spraakleer met Oefeningen en Sleutel",1
cs,"wd:Q208622","El buen soldado Švejk",40
cs,"wd:Q917055","La insoportable levedad del ser",38
cs,"wd:Q1164094","R.U.R.",32
cs,"wd:Q17439649","Fundación SCP",25
cs,"wd:Q1194994","La guerra de las salamandras",20
cs,"wd:Q3505812","Babička",9
cs,"wd:Q373479","La fábrica de Absoluto",7
cs,"wd:Q1428700","Manuscript of Dvůr Králové",7
cs,"wd:Q3562484","La enfermedad blanca",7
cs,"wd:Q3564795","Krakatit",7
cs,"wd:Q955718","Manuscript of Zelená Hora",6
cs,"wd:Q1210397","Didactica magna",6
cs,"wd:Q3566103","Máj",6
cs,"wd:Q3507349","Fireflies",5
cs,"wd:Q3645585","The Garden Party",5
cs,"wd:Q6770866","Marketa Lazarová",5
cs,"wd:Q6533786","Letters to Olga",5
cs,"wd:Q7235920","Cuentos de Malá Strana",5
cs,"wd:Q58915357","Kater Mikesch",5
cs,"wd:Q3512941","The Daughter of Sláva",4
cs,"wd:Q3512084","Filosofská historie",4
cs,"wd:Q3503335","F. L. Věk",4
cs,"wd:Q3505311","Život a dílo skladatele Foltýna",4
cs,"wd:Q6452641","Kytice",4
cs,"wd:Q7441771","Věc Makropulos",4
cs,"wd:Q7679313","Tales of Common Insanity",4
cs,"wd:Q7750966","The Memorandum",4
cs,"wd:Q11827917","Protest!",4
cs,"wd:Q12036005","Masarykův slovník naučný",4
cs,"wd:Q1027434","My Companions in the Bleak House",3
uk,"wd:Q17439649","Fundación SCP",25
uk,"wd:Q11816946","Canción del bosque",8
uk,"wd:Q5954201","The History of Cities and Villages of the Ukrainian SSR",5
uk,"wd:Q7583696","History of Ukraine-Rusʹ",5
uk,"wd:Q624720","Natalka Poltavka",4
uk,"wd:Q12154124","The Cathedral",4
uk,"wd:Q12073511","Baron von Goldring",4
uk,"wd:Q19818235","Kaharlyk (Shynkarenko novel)",4
uk,"wd:Q4532141","Lemberg-Enzyklopädie",3
uk,"wd:Q4532146","Encyclopedia of Cybernetics",3
uk,"wd:Q4517619","Ecazkar göz",3
uk,"wd:Q7171255","Perverzion",3
uk,"wd:Q7752328","The Moscoviad",3
uk,"wd:Q12161147","Tiger Trappers",3
uk,"wd:Q12163782","Ukrainian military doctrine",3
uk,"wd:Q12114398","Краіна Моксель",3
uk,"wd:Q17632803","Le Prince jaune",3
uk,"wd:Q20082758","Национализм",3
uk,"wd:Q4041483","Intermezzo",2
uk,"wd:Q4470488","Украинская интеллигенция на Соловках",2
uk,"wd:Q4470495","Encyclopedia of Ukrainian Literature",2
uk,"wd:Q4470617","Ukrainian Language: An Encyclopedia",2
uk,"wd:Q4470664","Украинское казачество (малая энциклопедия)",2
uk,"wd:Q5375736","Encyclopedic Dictionary of Astronomy",2
uk,"wd:Q9353313","Słodka Darusia",2
uk,"wd:Q9208105","Do Polaków",2
uk,"wd:Q11792636","Тарасова ночь",2
uk,"wd:Q12139805","The Reconstruction of Nations: Poland, Ukraine, Lithuania, Belarus, 1569-1999",2
uk,"wd:Q12141659","Die Anbetung der Eidechse oder wie man Engel vernichtet",2
uk,"wd:Q12158022","Век Якова",2
ca,"wd:Q80383","Canto de la Sibila",11
ca,"wd:Q3163999","Mecanoscrito del segundo origen",8
ca,"wd:Q22909753","Llibre de les dones (Eiximenis)",8
ca,"wd:Q18889875","Regiment de la cosa pública",7
ca,"wd:Q22962047","Vida de Jesucrist",7
ca,"wd:Q22694258","Llibre dels àngels",7
ca,"wd:Q31790793","Scala Dei (Eiximenis)",7
ca,"wd:Q45766344","Doctrina compendiosa",7
ca,"wd:Q1215366","Tierra baja",6
ca,"wd:Q1107782","La plaza del Diamante",6
ca,"wd:Q826831","Manual Digest",6
ca,"wd:Q10271148","El Mètode Grönholm",5
ca,"wd:Q17742290","Les aventures extraordinàries d'en Massagran",5
ca,"wd:Q18159388","Libro blanco de la Transición Nacional de Cataluña",5
ca,"wd:Q975477","Curial e Güelfa",4
ca,"wd:Q3312480","Solitud",4
ca,"wd:Q8352176","Cuánta, cuánta guerra",4
ca,"wd:Q8964864","Gramàtica del català contemporani",4
ca,"wd:Q17742418","Libro del gentil y de los tres sabios",4
ca,"wd:Q21085990","La muerte de una dama",4
ca,"wd:Q1517879","Vermells",3
ca,"wd:Q548822","El invierno del dibujante",3
ca,"wd:Q3224023","Mil proverbios",3
ca,"wd:Q4893818","El Sabater de Ordis",3
ca,"wd:Q9019419","La muerte y la primavera",3
ca,"wd:Q8778552","Espejo roto",3
ca,"wd:Q11925928","Historia de la Marina Catalana",3
ca,"wd:Q11929538","K.L. Reich",3
ca,"wd:Q11927566","Jo confesso",3
ca,"wd:Q11931017","La nacionalitat catalana",3
